{"Mean":{"confidence_interval":{"confidence_level":0.95,"lower_bound":465686129.6830158,"upper_bound":475064603.6128889},"point_estimate":470183845.844127,"standard_error":2403099.9867779114},"Median":{"confidence_interval":{"confidence_level":0.95,"lower_bound":463752947.2222222,"upper_bound":476378284.44285715},"point_estimate":469387099.6666666,"standard_error":2375779.507749422},"MedianAbsDev":{"confidence_interval":{"confidence_level":0.95,"lower_bound":494641.43536832964,"upper_bound":13927606.496065574},"point_estimate":6086731.0016056,"standard_error":3796999.2913348633},"Slope":{"confidence_interval":{"confidence_level":0.95,"lower_bound":465448421.0205145,"upper_bound":473372488.48024035},"point_estimate":469025356.7896104,"standard_error":2037799.6560725232},"StdDev":{"confidence_interval":{"confidence_level":0.95,"lower_bound":3732902.2210229426,"upper_bound":10370722.342083346},"point_estimate":8040568.789164646,"standard_error":1685751.3360328034}}