{"Mean":{"confidence_interval":{"confidence_level":0.95,"lower_bound":24621627.910167415,"upper_bound":25760073.512646575},"point_estimate":25117318.44127976,"standard_error":290055.04237069545},"Median":{"confidence_interval":{"confidence_level":0.95,"lower_bound":24549789.520833336,"upper_bound":25841412.225},"point_estimate":24696841.625,"standard_error":263323.0096554372},"MedianAbsDev":{"confidence_interval":{"confidence_level":0.95,"lower_bound":43039.46025464684,"upper_bound":1359413.8784912038},"point_estimate":319255.7271070769,"standard_error":262936.4015805799},"Slope":{"confidence_interval":{"confidence_level":0.95,"lower_bound":24593671.818965517,"upper_bound":26487563.158393502},"point_estimate":25726145.483116884,"standard_error":492586.20108306454},"StdDev":{"confidence_interval":{"confidence_level":0.95,"lower_bound":159228.87666281677,"upper_bound":1234332.1026283999},"point_estimate":973548.3369584294,"standard_error":289944.8578507479}}