{"Mean":{"confidence_interval":{"confidence_level":0.95,"lower_bound":25642738.48854365,"upper_bound":27390740.37857143},"point_estimate":26399625.461349204,"standard_error":452262.9320948715},"Median":{"confidence_interval":{"confidence_level":0.95,"lower_bound":25392339.035714287,"upper_bound":26764517.125},"point_estimate":26242865.0375,"standard_error":334969.69416756026},"MedianAbsDev":{"confidence_interval":{"confidence_level":0.95,"lower_bound":64160.12543342952,"upper_bound":1778178.3506385225},"point_estimate":999762.6039406635,"standard_error":434256.2905899248},"Slope":{"confidence_interval":{"confidence_level":0.95,"lower_bound":25152487.049037136,"upper_bound":26628967.247129757},"point_estimate":25702302.068181816,"standard_error":378612.8807237368},"StdDev":{"confidence_interval":{"confidence_level":0.95,"lower_bound":509628.0758488349,"upper_bound":2192879.9449805045},"point_estimate":1506631.0404372343,"standard_error":511429.7598405468}}