{"Mean":{"confidence_interval":{"confidence_level":0.95,"lower_bound":494578420.5357024,"upper_bound":587879819.2433927},"point_estimate":538024912.2828572,"standard_error":23968913.977233622},"Median":{"confidence_interval":{"confidence_level":0.95,"lower_bound":483413425.0,"upper_bound":599121544.125},"point_estimate":499300750.5416666,"standard_error":31021322.01689525},"MedianAbsDev":{"confidence_interval":{"confidence_level":0.95,"lower_bound":4391735.424211154,"upper_bound":129309032.37170577},"point_estimate":30323115.661012102,"standard_error":30340374.0607801},"Slope":{"confidence_interval":{"confidence_level":0.95,"lower_bound":499471994.0557941,"upper_bound":643897948.1051753},"point_estimate":585520633.3090909,"standard_error":37779572.50882488},"StdDev":{"confidence_interval":{"confidence_level":0.95,"lower_bound":19838803.19502746,"upper_bound":97464839.57119702},"point_estimate":79927567.98685607,"standard_error":18160818.876664475}}