{"Mean":{"confidence_interval":{"confidence_level":0.95,"lower_bound":97962974.22722223,"upper_bound":100006803.18083332},"point_estimate":98942617.53722222,"standard_error":522638.84337739344},"Median":{"confidence_interval":{"confidence_level":0.95,"lower_bound":97857702.69999999,"upper_bound":99991810.5},"point_estimate":98801009.1111111,"standard_error":525547.4742618588},"MedianAbsDev":{"confidence_interval":{"confidence_level":0.95,"lower_bound":292248.62421154976,"upper_bound":2946466.9672230855},"point_estimate":1242037.3790994287,"standard_error":661504.936588111},"Slope":{"confidence_interval":{"confidence_level":0.95,"lower_bound":97339196.87272727,"upper_bound":99041427.21634616},"point_estimate":98197129.18181819,"standard_error":435679.94716128666},"StdDev":{"confidence_interval":{"confidence_level":0.95,"lower_bound":756559.679666046,"upper_bound":2325536.545885928},"point_estimate":1736572.6592562487,"standard_error":400960.75727098517}}