{"Mean":{"confidence_interval":{"confidence_level":0.95,"lower_bound":1242929912.382778,"upper_bound":1274819289.0053334},"point_estimate":1256579629.3919842,"standard_error":8329507.2708189385},"Median":{"confidence_interval":{"confidence_level":0.95,"lower_bound":1237659676.7,"upper_bound":1264816969.125},"point_estimate":1247714090.107143,"standard_error":6518996.309896615},"MedianAbsDev":{"confidence_interval":{"confidence_level":0.95,"lower_bound":2220589.6854266524,"upper_bound":32159596.14984312},"point_estimate":15434438.473190714,"standard_error":7853615.708529238},"Slope":{"confidence_interval":{"confidence_level":0.95,"lower_bound":1238801505.7094972,"upper_bound":1261928708.4284956},"point_estimate":1247363876.9818182,"standard_error":6156386.101487042},"StdDev":{"confidence_interval":{"confidence_level":0.95,"lower_bound":7665465.500999217,"upper_bound":40181022.08663698},"point_estimate":27826058.422090445,"standard_error":9536341.263431108}}