{"Mean":{"confidence_interval":{"confidence_level":0.95,"lower_bound":25979150.666468255,"upper_bound":27302019.201394346},"point_estimate":26599775.368829366,"standard_error":339808.7534171628},"Median":{"confidence_interval":{"confidence_level":0.95,"lower_bound":25763074.91944444,"upper_bound":27393705.916666664},"point_estimate":26368144.875,"standard_error":313819.33153470076},"MedianAbsDev":{"confidence_interval":{"confidence_level":0.95,"lower_bound":87492.67224669456,"upper_bound":1907727.2228373215},"point_estimate":533190.711433973,"standard_error":508820.01294812746},"Slope":{"confidence_interval":{"confidence_level":0.95,"lower_bound":25543421.05496109,"upper_bound":27524731.946682464},"point_estimate":26324763.55,"standard_error":516291.2940817887},"StdDev":{"confidence_interval":{"confidence_level":0.95,"lower_bound":464066.82286480867,"upper_bound":1461935.6873803178},"point_estimate":1137452.9916091077,"standard_error":257037.51685754853}}