reward phase, end-to-end, proof phase e2e - reward phaseÏ
 7.952086000000001, 8.339433999999997, 0.3873479999999958 
 7.965273, 8.341881, 0.37660800000000094 
 7.965603999999999, 8.353673, 0.38806900000000155 
 7.9464690000000004, 8.343172000000003, 0.39670300000000225 
 7.9288789999999985, 8.304713, 0.3758340000000011 
 7.987659999999998, 8.384507999999997, 0.39684799999999854 
 8.105236999999999, 8.497328000000003, 0.3920910000000042 
 7.989919, 8.365496999999998, 0.3755779999999973 
 7.989823999999999, 8.371859, 0.3820350000000019 
 9.388355, 9.811819999999997, 0.42346499999999665 
