{"Mean":{"confidence_interval":{"confidence_level":0.95,"lower_bound":24054903.93036706,"upper_bound":24451760.19300967},"point_estimate":24232086.457331344,"standard_error":101787.3958612896},"Median":{"confidence_interval":{"confidence_level":0.95,"lower_bound":23973783.832142856,"upper_bound":24401951.5},"point_estimate":24150038.234375,"standard_error":107649.65135441697},"MedianAbsDev":{"confidence_interval":{"confidence_level":0.95,"lower_bound":74587.12595393881,"upper_bound":472983.9341236912},"point_estimate":264028.24305527244,"standard_error":106505.16808056248},"Slope":{"confidence_interval":{"confidence_level":0.95,"lower_bound":24005629.45372107,"upper_bound":24699585.69054878},"point_estimate":24309687.147402596,"standard_error":202457.97410794214},"StdDev":{"confidence_interval":{"confidence_level":0.95,"lower_bound":133389.3867325731,"upper_bound":473293.9979666979},"point_estimate":338310.3776040533,"standard_error":98352.1639455726}}